Workbook

Sheet Chamados
A1: protocolo | B1: aberto_em | C1: cliente | D1: numero_pedido | E1: motivo | F1: prioridade | G1: sla_horas | H1: status | I1: escalado | J1: resolvido_em | K1: horas_resolucao | L1: cumpriu_sla
A3: SAC-20261001-0009 | B3: 2026-10-01 09:00:00 | C3: Mariana Duarte | D3: PED-2026-1009 | E3: atraso | F3: media | G3: 24 | H3: resolvido | I3: 0 | J3: 2026-10-02 15:00:00 | K3: 30 | L3: 0
A4: SAC-20261005-0003 | B4: 2026-10-05 10:00:00 | C4: Beatriz Alves | D4: PED-2026-1003 | E4: troca | F4: media | G4: 24 | H4: resolvido | I4: 0 | J4: 2026-10-05 20:00:00 | K4: 10 | L4: 1
A5: SAC-20261008-0002 | B5: 2026-10-08 14:00:00 | C5: Rafael Nunes | D5: PED-2026-1002 | E5: defeito | F5: alta | G5: 4 | H5: resolvido | I5: 1 | J5: 2026-10-08 20:00:00 | K5: 6 | L5: 0
A6: SAC-20261010-0001 | B6: 2026-10-10 09:00:00 | C6: Mariana Duarte | D6: PED-2026-1001 | E6: defeito | F6: alta | G6: 4 | H6: resolvido | I6: 0 | J6: 2026-10-10 11:00:00 | K6: 2 | L6: 1
A7: SAC-20261011-0005 | B7: 2026-10-11 08:00:00 | C7: Fernanda Lopes | D7: PED-2026-1005 | E7: duvida | F7: baixa | G7: 72 | H7: resolvido | I7: 0 | J7: 2026-10-12 14:00:00 | K7: 30 | L7: 1
A8: SAC-20261014-0010 | B8: 2026-10-14 12:00:00 | C8: Beatriz Alves | D8: PED-2026-1010 | E8: defeito | F8: alta | G8: 4 | H8: cancelado | I8: 0 | L8: 0
A9: SAC-20261016-0008 | B9: 2026-10-16 07:00:00 | C9: Thiago Barbosa | D9: PED-2026-1008 | E9: duvida | F9: baixa | G9: 72 | H9: em_atendimento | I9: 1 | L9: 0
A10: SAC-20261019-0004 | B10: 2026-10-19 02:00:00 | C10: Carlos Menezes | D10: PED-2026-1004 | E10: atraso | F10: media | G10: 24 | H10: em_atendimento | I10: 1 | L10: 0
A11: SAC-20261019-0006 | B11: 2026-10-19 20:00:00 | C11: Gustavo Pereira | D11: PED-2026-1006 | E11: troca | F11: media | G11: 24 | H11: aguardando_cliente | I11: 0 | L11: 0
A12: SAC-20261020-0007 | B12: 2026-10-20 08:30:00 | C12: Heloisa Martins | D12: PED-2026-1007 | E12: defeito | F12: alta | G12: 4 | H12: aberto | I12: 0 | L12: 0

Sheet Leads
A1: protocolo | B1: created_at | C1: origem | D1: status | E1: vendedor | F1: primeiro_contato_em | G1: convertido_em | H1: horas_ate_contato | I1: convertido
A3: LED-1 | B3: 2026-10-05 09:04:55 | C3: instagram | D3: convertido | E3: Ana Souza | F3: 2026-10-05 10:30:00 | G3: 2026-10-06 15:00:00 | H3: 1.4 | I3: 1
A4: LED-2 | B4: 2026-10-05 11:09:58 | C4: google | D4: convertido | E4: Bruno Lima | F4: 2026-10-05 14:00:00 | G4: 2026-10-07 09:30:00 | H4: 2.9 | I4: 1
A5: LED-3 | B5: 2026-10-06 10:19:50 | C5: instagram | D5: contatado | E5: Carla Dias | F5: 2026-10-06 11:00:00 | H5: 0.7 | I5: 0
A6: LED-4 | B6: 2026-10-06 15:35:10 | C6: google | D6: perdido | E6: Diego Alves | F6: 2026-10-07 09:00:00 | H6: 17.4 | I6: 0
A7: LED-5 | B7: 2026-10-08 08:44:59 | C7: newsletter | D7: contatado | E7: Ana Souza | F7: 2026-10-08 09:10:00 | H7: 0.4 | I7: 0
A8: LED-6 | B8: 2026-10-09 13:59:57 | C8: newsletter | D8: nao_respondeu | E8: Bruno Lima | F8: 2026-10-12 10:00:00 | H8: 68 | I8: 0
A9: LED-7 | B9: 2026-10-10 09:30:03 | C9: indicacao | D9: convertido | E9: Carla Dias | F9: 2026-10-10 10:15:00 | G9: 2026-10-11 16:20:00 | H9: 0.8 | I9: 1
A10: LED-8 | B10: 2026-10-11 16:50:01 | C10: google | D10: perdido | E10: Diego Alves | F10: 2026-10-12 09:00:00 | H10: 16.2 | I10: 0
A11: LED-9 | B11: 2026-10-13 10:09:49 | C11: instagram | D11: contatado | E11: Ana Souza | F11: 2026-10-13 10:40:00 | H11: 0.5 | I11: 0
A12: LED-10 | B12: 2026-10-14 09:19:52 | C12: google | D12: nao_respondeu | E12: Bruno Lima | F12: 2026-10-17 11:00:00 | H12: 73.7 | I12: 0
A13: LED-11 | B13: 2026-10-15 12:59:58 | C13: instagram | D13: convertido | E13: Carla Dias | F13: 2026-10-15 13:30:00 | G13: 2026-10-16 10:00:00 | H13: 0.5 | I13: 1
A14: LED-12 | B14: 2026-10-16 17:40:07 | C14: newsletter | D14: nao_respondeu | E14: Diego Alves | F14: 2026-10-19 09:00:00 | H14: 63.3 | I14: 0
A15: LED-13 | B15: 2026-10-18 09:14:51 | C15: google | D15: contatado | E15: Ana Souza | F15: 2026-10-18 09:45:00 | H15: 0.5 | I15: 0
A16: LED-14 | B16: 2026-10-18 18:04:56 | C16: instagram | D16: distribuido | E16: Bruno Lima | I16: 0
A17: LED-15 | B17: 2026-10-19 08:29:54 | C17: newsletter | D17: distribuido | E17: Carla Dias | I17: 0
A18: LED-16 | B18: 2026-10-20 07:50:02 | C18: indicacao | D18: novo | I18: 0

Sheet Auxilio
A1: Motivo → prioridade/SLA (base do XLOOKUP em KPIs)
A3: motivo | B3: prioridade | C3: sla_horas
A5: troca | B5: media | C5: 24
A6: atraso | B6: media | C6: 24
A7: defeito | B7: alta | C7: 4
A8: duvida | B8: baixa | C8: 72
A11: Teste de validação (dropdown):

Sheet KPIs
A1: KPIs AureaOps (calculados por fórmulas — nenhum valor é 'colado')
A3: Indicador | B3: Valor | C3: Como se calcula
A4: Chamados — total | B4: =COUNTA(Chamados!A2:A11) | C4: CONT.VALORES na coluna de protocolos
A5: Chamados — resolvidos | B5: =COUNTIF(Chamados!H2:H11,"resolvido") | C5: CONT.SES por status
A6: Chamados — em aberto (não finalizados) | B6: =COUNTA(Chamados!A2:A11)-COUNTIF(Chamados!H2:H11,"resolvido")-COUNTIF(Chamados!H2:H11,"cancelado") | C6: total − resolvidos − cancelados
A7: SLA — % cumprido (entre resolvidos) | B7: =IFERROR(COUNTIFS(Chamados!H2:H11,"resolvido",Chamados!L2:L11,1)/COUNTIF(Chamados!H2:H11,"resolvido"),"") | C7: CONT.SES(resolvido E cumpriu_sla=1)/CONT.SE(resolvido)
A8: SLA — tempo médio de resolução (h) | B8: =IFERROR(AVERAGE(Chamados!K2:K11),"") | C8: MÉDIA das horas de resolução
A9: SLA — chamados escalonados | B9: =SUM(Chamados!I2:I11) | C9: SOMA da coluna escalado
A10: Leads — total | B10: =COUNTA(Leads!A2:A17) | C10: CONT.VALORES dos protocolos
A11: Leads — convertidos | B11: =COUNTIF(Leads!D2:D17,"convertido") | C11: CONT.SES status=convertido
A12: Leads — taxa de conversão | B12: =IFERROR(B11/B10,"") | C12: convertidos / total
A13: Leads — sem primeiro contato | B13: =COUNTIF(Leads!D2:D17,"distribuido") | C13: CONT.SES status=distribuido
A14: Leads — tempo médio até 1º contato (h) | B14: =IFERROR(AVERAGE(Leads!H2:H17),"") | C14: MÉDIA das horas até primeiro contato
A15: XLOOKUP — SLA do motivo selecionado em Auxilio!A12 | B15: =IFERROR(XLOOKUP(Auxilio!A12,Auxilio!A4:A7,Auxilio!C4:C7),"—") | C15: PROCV moderno: busca sla_horas do motivo escolhido no dropdown

Sheet Tabela Dinamica
A1: Chamados por motivo × status (CONT.SES — matriz estilo tabela dinâmica)
A3: motivo \ status | B3: aberto | C3: em_atendimento | D3: aguardando_cliente | E3: resolvido | F3: cancelado
A4: troca | B4: =COUNTIFS(Chamados!E2:E11,$A4,Chamados!H2:H11,B$3) | C4: =COUNTIFS(Chamados!E2:E11,$A4,Chamados!H2:H11,C$3) | D4: =COUNTIFS(Chamados!E2:E11,$A4,Chamados!H2:H11,D$3) | E4: =COUNTIFS(Chamados!E2:E11,$A4,Chamados!H2:H11,E$3) | F4: =COUNTIFS(Chamados!E2:E11,$A4,Chamados!H2:H11,F$3)
A5: atraso | B5: =COUNTIFS(Chamados!E2:E11,$A5,Chamados!H2:H11,B$3) | C5: =COUNTIFS(Chamados!E2:E11,$A5,Chamados!H2:H11,C$3) | D5: =COUNTIFS(Chamados!E2:E11,$A5,Chamados!H2:H11,D$3) | E5: =COUNTIFS(Chamados!E2:E11,$A5,Chamados!H2:H11,E$3) | F5: =COUNTIFS(Chamados!E2:E11,$A5,Chamados!H2:H11,F$3)
A6: defeito | B6: =COUNTIFS(Chamados!E2:E11,$A6,Chamados!H2:H11,B$3) | C6: =COUNTIFS(Chamados!E2:E11,$A6,Chamados!H2:H11,C$3) | D6: =COUNTIFS(Chamados!E2:E11,$A6,Chamados!H2:H11,D$3) | E6: =COUNTIFS(Chamados!E2:E11,$A6,Chamados!H2:H11,E$3) | F6: =COUNTIFS(Chamados!E2:E11,$A6,Chamados!H2:H11,F$3)
A7: duvida | B7: =COUNTIFS(Chamados!E2:E11,$A7,Chamados!H2:H11,B$3) | C7: =COUNTIFS(Chamados!E2:E11,$A7,Chamados!H2:H11,C$3) | D7: =COUNTIFS(Chamados!E2:E11,$A7,Chamados!H2:H11,D$3) | E7: =COUNTIFS(Chamados!E2:E11,$A7,Chamados!H2:H11,E$3) | F7: =COUNTIFS(Chamados!E2:E11,$A7,Chamados!H2:H11,F$3)
A9: total | B9: =SUM(B4:B8) | C9: =SUM(C4:C8) | D9: =SUM(D4:D8) | E9: =SUM(E4:E8) | F9: =SUM(F4:F8)
A11: Pivot nativa em 3 cliques: selecione A1:L11 em 'Chamados' → Inserir → Tabela Dinâmica (linhas: motivo; colunas: status; valores: contagem).
A13: Leads por origem
A14: origem | B14: leads
A15: instagram | B15: =COUNTIF(Leads!C2:C17,A15)
A16: google | B16: =COUNTIF(Leads!C2:C17,A16)
A17: newsletter | B17: =COUNTIF(Leads!C2:C17,A17)
A18: indicacao | B18: =COUNTIF(Leads!C2:C17,A18)
A19: direto | B19: =COUNTIF(Leads!C2:C17,A19)

Sheet Graficos
A1: Gráficos (vinculados às matrizes da aba Tabela Dinamica)
